fold,top1_acc,top3_acc,avg_f1_score
fold0,84.15762701,98.10014096,0.849120566
fold1,83.57776682,98.14518117,0.845449449
fold2,84.09006786,98.00740284,0.843694763
fold3,82.42277408,98.21320412,0.819287256
fold4,81.50836614,97.63779528,0.814933526
fold5,80.77357071,97.27306921,0.801172687
fold6,82.01217599,96.96855583,0.813610085
ang,82.64890694,97.76362134,0.826752619